{"_timestamp":1.772039884416667e+09,"iter":200,"val/loss":0.26823359727859497,"_wandb":{"runtime":1756},"_step":2,"lr":0.000993862586531225,"mfu":0.03093862619904613,"train/loss":0.2671903669834137,"_runtime":1756}